,iso3,analysis_type,hazard,aad
0,AGO,Prospective,Earthquake,475.77
1,AGO,Prospective,Flood,15615.66
2,AGO,Prospective,Tsunami,0.01
3,BDI,Prospective,Earthquake,9138.84
4,BDI,Prospective,Flood,9215.12
5,BEN,Prospective,Earthquake,86.65
6,BEN,Prospective,Flood,8712.43
7,BFA,Prospective,Earthquake,17.72
8,BFA,Prospective,Flood,8667.93
9,BWA,Prospective,Earthquake,538.51
10,BWA,Prospective,Flood,1477.82
11,CAF,Prospective,Earthquake,402.28
12,CAF,Prospective,Flood,6863.59
13,CIV,Prospective,Earthquake,142.27
14,CIV,Prospective,Flood,21723.4
15,CIV,Prospective,Tsunami,0.76
16,CMR,Prospective,Earthquake,2173.02
17,CMR,Prospective,Flood,27116.88
18,COD,Prospective,Earthquake,9076.18
19,COD,Prospective,Flood,152282.67
20,COG,Prospective,Earthquake,54.09
21,COG,Prospective,Flood,8333.6
22,COM,Prospective,Earthquake,101.02
23,COM,Prospective,Storm,56.23
24,COM,Prospective,Wind,21.46
25,CPV,Prospective,Earthquake,2.26
26,CPV,Prospective,Tsunami,0.02
27,DJI,Prospective,Earthquake,373.96
28,DJI,Prospective,Flood,22.62
29,DJI,Prospective,Tsunami,0.01
30,DZA,Prospective,Earthquake,19629.88
31,DZA,Prospective,Flood,10772.86
32,DZA,Prospective,Tsunami,8.24
33,EGY,Prospective,Earthquake,10702.57
34,EGY,Prospective,Flood,26236.14
35,EGY,Prospective,Tsunami,2012.39
36,ERI,Prospective,Earthquake,327.7
37,ERI,Prospective,Flood,4264.81
38,ESH,Prospective,Earthquake,16.21
39,ESH,Prospective,Flood,0.01
40,ESH,Prospective,Tsunami,0.1
41,ETH,Prospective,Earthquake,4173.58
42,ETH,Prospective,Flood,100005.22
43,GAB,Prospective,Earthquake,34.74
44,GAB,Prospective,Flood,3476.33
45,GHA,Prospective,Earthquake,28.94
46,GHA,Prospective,Flood,16245.58
47,GHA,Prospective,Tsunami,0.2
48,GIN,Prospective,Earthquake,362.19
49,GIN,Prospective,Flood,20112.36
50,GIN,Prospective,Tsunami,0.02
51,GMB,Prospective,Earthquake,35.47
52,GMB,Prospective,Flood,937.38
53,GMB,Prospective,Tsunami,0.03
54,GNB,Prospective,Earthquake,49.27
55,GNB,Prospective,Flood,629.51
56,GNQ,Prospective,Earthquake,74.6
57,GNQ,Prospective,Flood,824.12
58,KEN,Prospective,Earthquake,4471.66
59,KEN,Prospective,Flood,45045.66
60,KEN,Prospective,Tsunami,0.24
61,LBR,Prospective,Earthquake,198.22
62,LBR,Prospective,Flood,11166.89
63,LBR,Prospective,Tsunami,2.28
64,LBY,Prospective,Earthquake,489.74
65,LBY,Prospective,Flood,485.69
66,LBY,Prospective,Tsunami,39.25
67,LSO,Prospective,Earthquake,1707.65
68,LSO,Prospective,Flood,3691.2
69,MAR,Prospective,Earthquake,10885.19
70,MAR,Prospective,Flood,17004.83
71,MAR,Prospective,Tsunami,27.73
72,MDG,Prospective,Earthquake,435.65
73,MDG,Prospective,Flood,67387.41
74,MDG,Prospective,Storm,6324.38
75,MDG,Prospective,Tsunami,5.56
76,MDG,Prospective,Wind,82213.69
77,MLI,Prospective,Earthquake,70.83
78,MLI,Prospective,Flood,27755.65
79,MOZ,Prospective,Earthquake,4353.67
80,MOZ,Prospective,Flood,49012.77
81,MOZ,Prospective,Storm,2106.4
82,MOZ,Prospective,Tsunami,0.15
83,MOZ,Prospective,Wind,12228.18
84,MRT,Prospective,Earthquake,49.92
85,MRT,Prospective,Flood,5477.77
86,MRT,Prospective,Tsunami,0.34
87,MUS,Prospective,Storm,3268.8
88,MUS,Prospective,Tsunami,0.02
89,MUS,Prospective,Wind,491.31
90,MWI,Prospective,Earthquake,6205.07
91,MWI,Prospective,Flood,28994.04
92,MYT,Prospective,Earthquake,47.59
93,MYT,Prospective,Storm,286.12
94,MYT,Prospective,Wind,423.62
95,NAM,Prospective,Earthquake,143.15
96,NAM,Prospective,Flood,3453.45
97,NAM,Prospective,Tsunami,0.41
98,NER,Prospective,Flood,29777.45
99,NGA,Prospective,Earthquake,5038.81
100,NGA,Prospective,Flood,164525.51
101,NGA,Prospective,Tsunami,0.56
102,REU,Prospective,Storm,929.11
103,REU,Prospective,Wind,721.6
104,RWA,Prospective,Earthquake,9514.59
105,RWA,Prospective,Flood,16400.48
106,SDN,Prospective,Earthquake,806.23
107,SDN,Prospective,Flood,59014.31
108,SEN,Prospective,Earthquake,274.71
109,SEN,Prospective,Flood,4419.48
110,SEN,Prospective,Tsunami,3.75
111,SLE,Prospective,Earthquake,166.38
112,SLE,Prospective,Flood,10177.93
113,SLE,Prospective,Tsunami,0.1
114,SOM,Prospective,Earthquake,176.2
115,SOM,Prospective,Flood,26360.91
116,SOM,Prospective,Storm,0.04
117,SOM,Prospective,Tsunami,0.16
118,STP,Prospective,Earthquake,4.7
119,SWZ,Prospective,Earthquake,561.76
120,SWZ,Prospective,Flood,1384.86
121,SYC,Prospective,Wind,0.01
122,TCD,Prospective,Earthquake,70.62
123,TCD,Prospective,Flood,19311.95
124,TGO,Prospective,Earthquake,31.05
125,TGO,Prospective,Flood,5336.81
126,TUN,Prospective,Earthquake,4134.73
127,TUN,Prospective,Flood,2393.17
128,TUN,Prospective,Tsunami,20.21
129,TZA,Prospective,Earthquake,21443.45
130,TZA,Prospective,Flood,47688.63
131,TZA,Prospective,Tsunami,0.01
132,UGA,Prospective,Earthquake,16317.99
133,UGA,Prospective,Flood,24538.94
134,ZAF,Prospective,Earthquake,25121.22
135,ZAF,Prospective,Flood,33193.65
136,ZAF,Prospective,Tsunami,4.41
137,ZMB,Prospective,Earthquake,4595.76
138,ZMB,Prospective,Flood,8574.4
139,ZWE,Prospective,Earthquake,2559.43
140,ZWE,Prospective,Flood,10352.49
141,ZWE,Prospective,Wind,0.07
142,AFG,Prospective,Earthquake,67300.49
143,AFG,Prospective,Flood,50807.85
144,AUS,Prospective,Earthquake,75.73
145,AUS,Prospective,Flood,19801.92
146,AUS,Prospective,Storm,3238.94
147,AUS,Prospective,Tsunami,80.59
148,AUS,Prospective,Wind,520.34
149,BGD,Prospective,Earthquake,31714.01
150,BGD,Prospective,Flood,882606.02
151,BGD,Prospective,Storm,7554.48
152,BGD,Prospective,Tsunami,1826.9
153,BGD,Prospective,Wind,91929.27
154,BRN,Prospective,Earthquake,30.0
155,BRN,Prospective,Flood,136.04
156,BRN,Prospective,Tsunami,2.11
157,BTN,Prospective,Earthquake,322.56
158,BTN,Prospective,Flood,3757.59
159,CHN,Prospective,Earthquake,191559.19
160,CHN,Prospective,Flood,466593.75
161,CHN,Prospective,Storm,184217.19
162,CHN,Prospective,Tsunami,5051.96
163,CHN,Prospective,Wind,1545.89
164,FJI,Prospective,Earthquake,65.7
165,FJI,Prospective,Storm,3147.27
166,FJI,Prospective,Tsunami,0.92
167,FJI,Prospective,Wind,1808.19
168,FSM,Prospective,Earthquake,4.3
169,FSM,Prospective,Storm,128.89
170,FSM,Prospective,Tsunami,2.05
171,FSM,Prospective,Wind,172.09
172,HKG,Prospective,Earthquake,9.25
173,HKG,Prospective,Tsunami,1624.89
174,HKG,Prospective,Wind,1.29
175,IDN,Prospective,Earthquake,49024.28
176,IDN,Prospective,Flood,239573.08
177,IDN,Prospective,Storm,16.35
178,IDN,Prospective,Tsunami,3178.58
179,IDN,Prospective,Wind,2.22
180,IND,Prospective,Earthquake,58233.09
181,IND,Prospective,Flood,1381335.07
182,IND,Prospective,Storm,26161.44
183,IND,Prospective,Tsunami,2613.64
184,IND,Prospective,Wind,171316.67
185,IRN,Prospective,Earthquake,116660.18
186,IRN,Prospective,Flood,24024.34
187,IRN,Prospective,Storm,0.18
188,IRN,Prospective,Tsunami,7.62
189,JPN,Prospective,Earthquake,30176.97
190,JPN,Prospective,Flood,10242.52
191,JPN,Prospective,Storm,87402.93
192,JPN,Prospective,Tsunami,15842.62
193,JPN,Prospective,Wind,2955.31
194,KAZ,Prospective,Earthquake,5826.4
195,KAZ,Prospective,Flood,10165.06
196,KGZ,Prospective,Earthquake,16282.72
197,KGZ,Prospective,Flood,10165.34
198,KHM,Prospective,Earthquake,0.01
199,KHM,Prospective,Flood,179153.62
200,KIR,Prospective,Tsunami,1.33
201,KOR,Prospective,Earthquake,69.77
202,KOR,Prospective,Flood,15306.19
203,KOR,Prospective,Storm,70562.59
204,KOR,Prospective,Tsunami,9.98
205,KOR,Prospective,Wind,0.02
206,LAO,Prospective,Earthquake,1671.76
207,LAO,Prospective,Flood,77810.67
208,LAO,Prospective,Wind,0.29
209,LKA,Prospective,Earthquake,21.58
210,LKA,Prospective,Flood,13585.9
211,LKA,Prospective,Storm,1031.68
212,LKA,Prospective,Tsunami,159.82
213,MAC,Prospective,Earthquake,0.43
214,MAC,Prospective,Tsunami,141.69
215,MDV,Prospective,Earthquake,0.23
216,MDV,Prospective,Tsunami,2.42
217,MHL,Prospective,Tsunami,0.3
218,MHL,Prospective,Wind,4.93
219,MMR,Prospective,Earthquake,4475.03
220,MMR,Prospective,Flood,513796.35
221,MMR,Prospective,Storm,10973.75
222,MMR,Prospective,Tsunami,949.18
223,MMR,Prospective,Wind,2005.59
224,MNG,Prospective,Earthquake,146.33
225,MNG,Prospective,Flood,2393.63
226,MYS,Prospective,Earthquake,115.58
227,MYS,Prospective,Flood,27290.71
228,MYS,Prospective,Tsunami,116.21
229,NCL,Prospective,Earthquake,18.01
230,NCL,Prospective,Storm,1221.38
231,NCL,Prospective,Tsunami,2.2
232,NCL,Prospective,Wind,2260.84
233,NPL,Prospective,Earthquake,5173.75
234,NPL,Prospective,Flood,72706.17
235,NZL,Prospective,Earthquake,35.16
236,NZL,Prospective,Flood,2398.72
237,NZL,Prospective,Storm,294.43
238,NZL,Prospective,Tsunami,86.02
239,PAK,Prospective,Earthquake,50122.23
240,PAK,Prospective,Flood,325291.28
241,PAK,Prospective,Storm,1312.67
242,PAK,Prospective,Tsunami,32.57
243,PAK,Prospective,Wind,19.35
244,PHL,Prospective,Earthquake,52194.02
245,PHL,Prospective,Flood,68734.96
246,PHL,Prospective,Storm,184270.59
247,PHL,Prospective,Tsunami,3479.08
248,PHL,Prospective,Wind,276236.55
249,PLW,Prospective,Earthquake,2.9
250,PLW,Prospective,Storm,26.56
251,PLW,Prospective,Tsunami,1.85
252,PLW,Prospective,Wind,270.83
253,PNG,Prospective,Earthquake,6094.54
254,PNG,Prospective,Flood,21405.1
255,PNG,Prospective,Storm,209.86
256,PNG,Prospective,Tsunami,143.86
257,PNG,Prospective,Wind,31.09
258,PRK,Prospective,Earthquake,3222.26
259,PRK,Prospective,Flood,57796.29
260,PRK,Prospective,Storm,344.8
261,PRK,Prospective,Tsunami,0.09
262,PYF,Prospective,Tsunami,1.25
263,PYF,Prospective,Wind,977.23
264,SGP,Prospective,Earthquake,0.15
265,SLB,Prospective,Earthquake,252.61
266,SLB,Prospective,Storm,1243.92
267,SLB,Prospective,Tsunami,9.89
268,SLB,Prospective,Wind,2155.54
269,THA,Prospective,Earthquake,632.71
270,THA,Prospective,Flood,138438.56
271,THA,Prospective,Storm,0.98
272,THA,Prospective,Tsunami,14.29
273,TJK,Prospective,Earthquake,20817.69
274,TJK,Prospective,Flood,19357.66
275,TKM,Prospective,Earthquake,1973.35
276,TKM,Prospective,Flood,9445.2
277,TLS,Prospective,Earthquake,1265.67
278,TLS,Prospective,Flood,94.35
279,TLS,Prospective,Tsunami,31.74
280,TON,Prospective,Earthquake,153.15
281,TON,Prospective,Tsunami,9.24
282,TON,Prospective,Wind,955.68
283,TUV,Prospective,Tsunami,0.12
284,TWN,Prospective,Earthquake,20453.34
285,TWN,Prospective,Flood,2994.23
286,TWN,Prospective,Storm,42560.78
287,TWN,Prospective,Tsunami,433.72
288,TWN,Prospective,Wind,6130.8
289,UZB,Prospective,Earthquake,36121.76
290,UZB,Prospective,Flood,23351.08
291,VNM,Prospective,Earthquake,347.84
292,VNM,Prospective,Flood,647820.89
293,VNM,Prospective,Storm,18163.34
294,VNM,Prospective,Tsunami,235.51
295,VNM,Prospective,Wind,3421.89
296,VUT,Prospective,Earthquake,372.15
297,VUT,Prospective,Storm,1002.64
298,VUT,Prospective,Tsunami,0.98
299,VUT,Prospective,Wind,1900.76
300,WSM,Prospective,Earthquake,15.69
301,WSM,Prospective,Tsunami,0.84
302,WSM,Prospective,Wind,1065.89
303,ALB,Prospective,Earthquake,1363.92
304,ALB,Prospective,Flood,5231.36
305,ALB,Prospective,Tsunami,6.01
306,AND,Prospective,Earthquake,0.46
307,ARM,Prospective,Earthquake,2700.26
308,ARM,Prospective,Flood,3220.93
309,AUT,Prospective,Earthquake,1346.28
310,AUT,Prospective,Flood,4663.87
311,AZE,Prospective,Earthquake,4495.99
312,AZE,Prospective,Flood,3619.38
313,BEL,Prospective,Earthquake,495.94
314,BEL,Prospective,Flood,1570.13
315,BIH,Prospective,Earthquake,784.18
316,BIH,Prospective,Flood,13954.95
317,BLR,Prospective,Earthquake,1.2
318,BLR,Prospective,Flood,22911.4
319,CHE,Prospective,Earthquake,913.62
320,CHE,Prospective,Flood,3195.46
321,CYP,Prospective,Earthquake,238.79
322,CYP,Prospective,Flood,0.1
323,CYP,Prospective,Tsunami,16.9
324,CZE,Prospective,Earthquake,557.54
325,CZE,Prospective,Flood,4424.31
326,DEU,Prospective,Earthquake,6218.17
327,DEU,Prospective,Flood,19802.54
328,DNK,Prospective,Earthquake,2.2
329,DNK,Prospective,Flood,131.3
330,ESP,Prospective,Earthquake,187.64
331,ESP,Prospective,Flood,14468.29
332,ESP,Prospective,Tsunami,25.29
333,EST,Prospective,Earthquake,4.84
334,EST,Prospective,Flood,764.84
335,FIN,Prospective,Earthquake,1.21
336,FRA,Prospective,Earthquake,1750.63
337,FRA,Prospective,Flood,25838.24
338,FRA,Prospective,Tsunami,0.51
339,FRO,Prospective,Wind,0.45
340,GBR,Prospective,Earthquake,2972.98
341,GBR,Prospective,Flood,10354.24
342,GBR,Prospective,Tsunami,0.1
343,GEO,Prospective,Earthquake,7010.29
344,GEO,Prospective,Flood,4940.18
345,GIB,Prospective,Tsunami,0.03
346,GRC,Prospective,Earthquake,21808.34
347,GRC,Prospective,Flood,952.26
348,GRC,Prospective,Tsunami,70.61
349,HRV,Prospective,Earthquake,1274.86
350,HRV,Prospective,Flood,7468.68
351,HRV,Prospective,Tsunami,0.07
352,HUN,Prospective,Earthquake,866.81
353,HUN,Prospective,Flood,30155.35
354,IRL,Prospective,Earthquake,11.76
355,IRL,Prospective,Flood,1891.83
356,IRL,Prospective,Tsunami,0.21
357,ISL,Prospective,Earthquake,73.89
358,ISR,Prospective,Earthquake,1109.61
359,ISR,Prospective,Flood,51.13
360,ISR,Prospective,Tsunami,50.92
361,ITA,Prospective,Earthquake,28814.37
362,ITA,Prospective,Flood,7194.34
363,ITA,Prospective,Tsunami,23.87
364,LIE,Prospective,Earthquake,9.25
365,LTU,Prospective,Earthquake,4.24
366,LTU,Prospective,Flood,4426.18
367,LUX,Prospective,Earthquake,9.79
368,LUX,Prospective,Flood,37.51
369,LVA,Prospective,Earthquake,1.5
370,LVA,Prospective,Flood,4308.66
371,MDA,Prospective,Earthquake,139.33
372,MDA,Prospective,Flood,13031.57
373,MKD,Prospective,Earthquake,591.05
374,MKD,Prospective,Flood,863.46
375,MLT,Prospective,Earthquake,50.06
376,MLT,Prospective,Tsunami,2.72
377,MNE,Prospective,Earthquake,114.42
378,MNE,Prospective,Flood,559.33
379,MNE,Prospective,Tsunami,0.03
380,NLD,Prospective,Earthquake,463.86
381,NLD,Prospective,Flood,7200.34
382,NOR,Prospective,Earthquake,11.2
383,POL,Prospective,Earthquake,1670.82
384,POL,Prospective,Flood,19692.79
385,PRT,Prospective,Earthquake,14.23
386,PRT,Prospective,Flood,2945.01
387,PRT,Prospective,Tsunami,4.37
388,ROU,Prospective,Earthquake,5612.09
389,ROU,Prospective,Flood,34439.31
390,RUS,Prospective,Earthquake,3343.57
391,RUS,Prospective,Flood,153939.78
392,RUS,Prospective,Storm,212.61
393,RUS,Prospective,Tsunami,54.7
394,SMR,Prospective,Earthquake,16.8
395,SRB,Prospective,Earthquake,3187.7
396,SRB,Prospective,Flood,72176.28
397,SVK,Prospective,Earthquake,291.44
398,SVK,Prospective,Flood,7860.84
399,SVN,Prospective,Earthquake,893.54
400,SVN,Prospective,Flood,862.13
401,SVN,Prospective,Tsunami,0.01
402,SWE,Prospective,Earthquake,10.41
403,SWE,Prospective,Flood,636.07
404,TUR,Prospective,Earthquake,36845.46
405,TUR,Prospective,Flood,14866.42
406,TUR,Prospective,Tsunami,168.45
407,UKR,Prospective,Earthquake,283.93
408,UKR,Prospective,Flood,110582.65
409,ABW,Prospective,Earthquake,98.91
410,ABW,Prospective,Storm,339.41
411,ABW,Prospective,Tsunami,0.28
412,ABW,Prospective,Wind,52.16
413,AIA,Prospective,Earthquake,37.7
414,AIA,Prospective,Storm,249.91
415,AIA,Prospective,Tsunami,0.12
416,AIA,Prospective,Wind,113.1
417,ARG,Prospective,Earthquake,11324.24
418,ARG,Prospective,Flood,28032.95
419,ARG,Prospective,Tsunami,1.59
420,ATG,Prospective,Earthquake,240.39
421,ATG,Prospective,Storm,881.71
422,ATG,Prospective,Tsunami,0.94
423,ATG,Prospective,Wind,1895.47
424,BHS,Prospective,Earthquake,0.06
425,BHS,Prospective,Storm,15043.96
426,BHS,Prospective,Tsunami,0.1
427,BHS,Prospective,Wind,4708.79
428,BLZ,Prospective,Earthquake,62.28
429,BLZ,Prospective,Flood,2338.79
430,BLZ,Prospective,Storm,726.79
431,BLZ,Prospective,Tsunami,0.04
432,BLZ,Prospective,Wind,1030.77
433,BMU,Prospective,Tsunami,0.67
434,BMU,Prospective,Wind,173.35
435,BOL,Prospective,Earthquake,5460.06
436,BOL,Prospective,Flood,20802.52
437,BRA,Prospective,Earthquake,926.29
438,BRA,Prospective,Flood,149461.83
439,BRA,Prospective,Tsunami,11.02
440,BRB,Prospective,Earthquake,238.96
441,BRB,Prospective,Storm,969.13
442,BRB,Prospective,Tsunami,1.01
443,BRB,Prospective,Wind,366.64
444,CHL,Prospective,Earthquake,33174.66
445,CHL,Prospective,Flood,10286.88
446,CHL,Prospective,Tsunami,486.89
447,COL,Prospective,Earthquake,78641.34
448,COL,Prospective,Flood,37821.73
449,COL,Prospective,Storm,2.16
450,COL,Prospective,Tsunami,1196.06
451,COL,Prospective,Wind,3.54
452,CRI,Prospective,Earthquake,3561.78
453,CRI,Prospective,Flood,2231.96
454,CRI,Prospective,Storm,0.54
455,CRI,Prospective,Tsunami,29.06
456,CRI,Prospective,Wind,3.84
457,CUB,Prospective,Earthquake,85.76
458,CUB,Prospective,Flood,617.12
459,CUB,Prospective,Storm,15274.16
460,CUB,Prospective,Tsunami,2.95
461,CUB,Prospective,Wind,4813.92
462,CYM,Prospective,Earthquake,11.15
463,CYM,Prospective,Storm,498.09
464,CYM,Prospective,Tsunami,0.06
465,CYM,Prospective,Wind,1384.92
466,DMA,Prospective,Earthquake,238.65
467,DMA,Prospective,Storm,1150.52
468,DMA,Prospective,Tsunami,0.01
469,DMA,Prospective,Wind,612.13
470,DOM,Prospective,Earthquake,9623.86
471,DOM,Prospective,Flood,6460.38
472,DOM,Prospective,Storm,2892.35
473,DOM,Prospective,Tsunami,19.12
474,DOM,Prospective,Wind,15636.91
475,ECU,Prospective,Earthquake,31184.08
476,ECU,Prospective,Flood,19525.41
477,ECU,Prospective,Tsunami,196.48
478,GLP,Prospective,Earthquake,1183.24
479,GLP,Prospective,Storm,6205.12
480,GLP,Prospective,Tsunami,4.76
481,GLP,Prospective,Wind,4953.63
482,GRD,Prospective,Earthquake,88.8
483,GRD,Prospective,Storm,323.74
484,GRD,Prospective,Tsunami,0.15
485,GRD,Prospective,Wind,135.27
486,GTM,Prospective,Earthquake,25251.27
487,GTM,Prospective,Flood,10543.44
488,GTM,Prospective,Storm,42.61
489,GTM,Prospective,Tsunami,6.98
490,GTM,Prospective,Wind,1.98
491,GUF,Prospective,Earthquake,1.2
492,GUF,Prospective,Flood,832.06
493,GUF,Prospective,Tsunami,0.03
494,GUY,Prospective,Earthquake,0.38
495,GUY,Prospective,Flood,2663.46
496,GUY,Prospective,Tsunami,0.29
497,HND,Prospective,Earthquake,27439.64
498,HND,Prospective,Flood,14304.02
499,HND,Prospective,Storm,327.88
500,HND,Prospective,Tsunami,1.73
501,HND,Prospective,Wind,543.42
502,HTI,Prospective,Earthquake,22336.79
503,HTI,Prospective,Flood,10210.69
504,HTI,Prospective,Storm,3894.39
505,HTI,Prospective,Tsunami,52.46
506,HTI,Prospective,Wind,6588.24
507,JAM,Prospective,Earthquake,997.76
508,JAM,Prospective,Flood,478.78
509,JAM,Prospective,Storm,4203.43
510,JAM,Prospective,Tsunami,4.04
511,JAM,Prospective,Wind,7403.21
512,KNA,Prospective,Earthquake,184.54
513,KNA,Prospective,Storm,282.73
514,KNA,Prospective,Wind,316.25
515,LCA,Prospective,Earthquake,82.22
516,LCA,Prospective,Storm,809.97
517,LCA,Prospective,Tsunami,0.31
518,LCA,Prospective,Wind,408.62
519,MEX,Prospective,Earthquake,18922.48
520,MEX,Prospective,Flood,52076.07
521,MEX,Prospective,Storm,4588.01
522,MEX,Prospective,Tsunami,92.42
523,MEX,Prospective,Wind,7660.82
524,MSR,Prospective,Earthquake,19.22
525,MSR,Prospective,Storm,168.34
526,MSR,Prospective,Wind,58.47
527,MTQ,Prospective,Earthquake,460.55
528,MTQ,Prospective,Storm,1771.77
529,MTQ,Prospective,Tsunami,0.6
530,MTQ,Prospective,Wind,1743.79
531,NIC,Prospective,Earthquake,4108.97
532,NIC,Prospective,Flood,7716.64
533,NIC,Prospective,Storm,387.39
534,NIC,Prospective,Tsunami,2.83
535,NIC,Prospective,Wind,181.25
536,PAN,Prospective,Earthquake,1789.72
537,PAN,Prospective,Flood,1002.42
538,PAN,Prospective,Storm,0.04
539,PAN,Prospective,Tsunami,37.36
540,PER,Prospective,Earthquake,32713.92
541,PER,Prospective,Flood,13378.5
542,PER,Prospective,Tsunami,359.09
543,PRI,Prospective,Earthquake,2524.25
544,PRI,Prospective,Flood,144.74
545,PRI,Prospective,Storm,6108.19
546,PRI,Prospective,Tsunami,76.87
547,PRI,Prospective,Wind,42354.1
548,PRY,Prospective,Earthquake,1.44
549,PRY,Prospective,Flood,9570.34
550,SLV,Prospective,Earthquake,8719.82
551,SLV,Prospective,Flood,1835.2
552,SLV,Prospective,Storm,1.95
553,SLV,Prospective,Tsunami,12.22
554,SUR,Prospective,Earthquake,0.03
555,SUR,Prospective,Flood,2418.45
556,TCA,Prospective,Earthquake,0.66
557,TCA,Prospective,Tsunami,0.51
558,TCA,Prospective,Wind,537.4
559,TTO,Prospective,Earthquake,6413.3
560,TTO,Prospective,Flood,10.97
561,TTO,Prospective,Storm,214.56
562,TTO,Prospective,Tsunami,0.3
563,TTO,Prospective,Wind,28.01
564,URY,Prospective,Earthquake,0.01
565,URY,Prospective,Flood,1503.05
566,URY,Prospective,Tsunami,0.01
567,VCT,Prospective,Earthquake,48.12
568,VCT,Prospective,Storm,727.46
569,VCT,Prospective,Tsunami,0.36
570,VCT,Prospective,Wind,124.07
571,VEN,Prospective,Earthquake,26299.21
572,VEN,Prospective,Flood,7987.64
573,VEN,Prospective,Storm,295.7
574,VEN,Prospective,Tsunami,98.48
575,VEN,Prospective,Wind,25.19
576,VGB,Prospective,Earthquake,77.99
577,VGB,Prospective,Tsunami,0.06
578,VGB,Prospective,Wind,332.61
579,VIR,Prospective,Earthquake,127.38
580,VIR,Prospective,Storm,1735.8
581,VIR,Prospective,Tsunami,0.01
582,VIR,Prospective,Wind,1324.34
583,CAN,Prospective,Earthquake,1127.97
584,CAN,Prospective,Flood,12425.33
585,CAN,Prospective,Tsunami,13.69
586,CAN,Prospective,Wind,384.33
587,USA,Prospective,Earthquake,44226.91
588,USA,Prospective,Flood,40390.44
589,USA,Prospective,Storm,48982.03
590,USA,Prospective,Tsunami,708.51
591,USA,Prospective,Wind,72120.15
592,ARE,Prospective,Earthquake,3919.06
593,ARE,Prospective,Flood,7473.53
594,ARE,Prospective,Tsunami,1.63
595,BHR,Prospective,Earthquake,135.61
596,IRQ,Prospective,Earthquake,30894.14
597,IRQ,Prospective,Flood,45125.01
598,JOR,Prospective,Earthquake,1960.56
599,JOR,Prospective,Flood,108.12
600,KWT,Prospective,Earthquake,706.46
601,KWT,Prospective,Flood,3.69
602,LBN,Prospective,Earthquake,2333.2
603,LBN,Prospective,Flood,62.86
604,LBN,Prospective,Tsunami,92.31
605,OMN,Prospective,Earthquake,487.58
606,OMN,Prospective,Flood,188.49
607,OMN,Prospective,Storm,144.03
608,OMN,Prospective,Tsunami,8.2
609,PSE,Prospective,Earthquake,1343.97
610,PSE,Prospective,Flood,18.1
611,PSE,Prospective,Tsunami,6.89
612,QAT,Prospective,Earthquake,312.12
613,QAT,Prospective,Flood,0.08
614,SAU,Prospective,Earthquake,1435.28
615,SAU,Prospective,Flood,1326.8
616,SYR,Prospective,Earthquake,12251.07
617,SYR,Prospective,Flood,8007.96
618,SYR,Prospective,Tsunami,17.74
619,YEM,Prospective,Earthquake,11869.66
620,YEM,Prospective,Flood,9625.59
621,YEM,Prospective,Tsunami,0.07
622,ARG,Retrospective,Hydrometeorological,3279.820513
623,ARG,Retrospective,Landslides,4.884615385
624,ARG,Retrospective,Tectonic,1044.423077
625,ARG,Retrospective,Volcanic,0.064102564
626,ARG,Retrospective,Total,4329.192308
627,COM,Retrospective,Hydrometeorological,293.6666667
628,COM,Retrospective,Total,293.6666667
629,EGY,Retrospective,Landslides,597.75
630,EGY,Retrospective,Total,597.75
631,ETH,Retrospective,Hydrometeorological,6163.916667
632,ETH,Retrospective,Landslides,255.5
633,ETH,Retrospective,Tectonic,4.1111111110000005
634,ETH,Retrospective,Total,6423.527778
635,KEN,Retrospective,Hydrometeorological,8695.4
636,KEN,Retrospective,Landslides,99.8
637,KEN,Retrospective,Total,8795.2
638,MDG,Retrospective,Hydrometeorological,166208.6364
639,MDG,Retrospective,Total,166208.6364
640,MLI,Retrospective,Hydrometeorological,17453.884619999997
641,MLI,Retrospective,Total,17453.884619999997
642,MUS,Retrospective,Hydrometeorological,46.94736842
643,MUS,Retrospective,Landslides,1.789473684
644,MUS,Retrospective,Total,48.73684211
645,MOZ,Retrospective,Hydrometeorological,117819.8095
646,MOZ,Retrospective,Landslides,37.28571429
647,MOZ,Retrospective,Tectonic,71.38095238
648,MOZ,Retrospective,Total,117928.4762
649,MAR,Retrospective,Hydrometeorological,148.0
650,MAR,Retrospective,Total,148.0
651,NER,Retrospective,Hydrometeorological,35214.08333
652,NER,Retrospective,Total,35214.08333
653,SEN,Retrospective,Hydrometeorological,219.2
654,SEN,Retrospective,Total,219.2
655,SLE,Retrospective,Hydrometeorological,1641.1
656,SLE,Retrospective,Landslides,23.1
657,SLE,Retrospective,Total,1664.2
658,SYC,Retrospective,Hydrometeorological,0.884615385
659,SYC,Retrospective,Landslides,0.7692307690000001
660,SYC,Retrospective,Tectonic,5.692307692000001
661,SYC,Retrospective,Total,7.346153846
662,TGO,Retrospective,Hydrometeorological,13141.28571
663,TGO,Retrospective,Landslides,16.85714286
664,TGO,Retrospective,Total,13158.14286
665,TUN,Retrospective,Hydrometeorological,4.75
666,TUN,Retrospective,Landslides,1.7
667,TUN,Retrospective,Total,6.45
668,UGA,Retrospective,Hydrometeorological,9410.375
669,UGA,Retrospective,Landslides,685.4583332999999
670,UGA,Retrospective,Total,10095.83333
671,BLZ,Retrospective,Hydrometeorological,421.75
672,BLZ,Retrospective,Tectonic,1.25
673,BLZ,Retrospective,Total,423.0
674,BOL,Retrospective,Hydrometeorological,420.2674419
675,BOL,Retrospective,Landslides,72.45348837
676,BOL,Retrospective,Tectonic,94.63953488
677,BOL,Retrospective,Total,587.3604651
678,CHL,Retrospective,Hydrometeorological,2403.352273
679,CHL,Retrospective,Landslides,5.704545455
680,CHL,Retrospective,Tectonic,38021.04545
681,CHL,Retrospective,Volcanic,0.318181818
682,CHL,Retrospective,Total,40430.42045
683,COL,Retrospective,Hydrometeorological,10714.488640000001
684,COL,Retrospective,Landslides,1139.0454550000002
685,COL,Retrospective,Tectonic,4388.7727270000005
686,COL,Retrospective,Volcanic,348.7954545
687,COL,Retrospective,Total,16591.10227
688,CRI,Retrospective,Hydrometeorological,214.6777778
689,CRI,Retrospective,Landslides,10.02222222
690,CRI,Retrospective,Tectonic,482.03333330000004
691,CRI,Retrospective,Total,706.7333332999999
692,ECU,Retrospective,Hydrometeorological,675.1111111
693,ECU,Retrospective,Landslides,182.4555556
694,ECU,Retrospective,Tectonic,194.17777780000003
695,ECU,Retrospective,Volcanic,3.0333333330000003
696,ECU,Retrospective,Total,1054.777778
697,SLV,Retrospective,Hydrometeorological,1465.933333
698,SLV,Retrospective,Landslides,21.93333333
699,SLV,Retrospective,Tectonic,13980.85556
700,SLV,Retrospective,Volcanic,16.05555556
701,SLV,Retrospective,Total,15484.77778
702,GTM,Retrospective,Hydrometeorological,5905.62
703,GTM,Retrospective,Landslides,364.4
704,GTM,Retrospective,Tectonic,2234.74
705,GTM,Retrospective,Volcanic,59.96
706,GTM,Retrospective,Total,8564.72
707,GUY,Retrospective,Hydrometeorological,16.05
708,GUY,Retrospective,Tectonic,1.4
709,GUY,Retrospective,Total,17.45
710,HND,Retrospective,Hydrometeorological,5667.820513000001
711,HND,Retrospective,Landslides,99.19230769
712,HND,Retrospective,Tectonic,129.8333333
713,HND,Retrospective,Total,5896.846154
714,MEX,Retrospective,Hydrometeorological,31179.034880000003
715,MEX,Retrospective,Landslides,777.7906977000001
716,MEX,Retrospective,Tectonic,8944.616279
717,MEX,Retrospective,Volcanic,931.0581394999999
718,MEX,Retrospective,Total,41832.5
719,NIC,Retrospective,Hydrometeorological,2505.190476
720,NIC,Retrospective,Landslides,777.2619047999999
721,NIC,Retrospective,Tectonic,253.97619049999997
722,NIC,Retrospective,Total,3536.428571
723,PAN,Retrospective,Hydrometeorological,1431.586207
724,PAN,Retrospective,Landslides,5.844827586
725,PAN,Retrospective,Tectonic,91.79310345
726,PAN,Retrospective,Total,1529.224138
727,PRY,Retrospective,Hydrometeorological,2073.0
728,PRY,Retrospective,Total,2073.0
729,PER,Retrospective,Hydrometeorological,6175.488372
730,PER,Retrospective,Landslides,132.16279070000002
731,PER,Retrospective,Tectonic,14738.069769999998
732,PER,Retrospective,Total,21045.72093
733,URY,Retrospective,Hydrometeorological,275.7741935
734,URY,Retrospective,Total,275.7741935
735,VEN,Retrospective,Hydrometeorological,4031.655556
736,VEN,Retrospective,Landslides,629.3333332999999
737,VEN,Retrospective,Tectonic,29.6
738,VEN,Retrospective,Total,4690.588889
739,BTN,Retrospective,Hydrometeorological,5.125
740,BTN,Retrospective,Tectonic,1374.5
741,BTN,Retrospective,Total,1379.625
742,KHM,Retrospective,Hydrometeorological,3579.8947369999996
743,KHM,Retrospective,Total,3579.8947369999996
744,IDN,Retrospective,Hydrometeorological,51395.71875
745,IDN,Retrospective,Landslides,1476.90625
746,IDN,Retrospective,Tectonic,204103.4063
747,IDN,Retrospective,Volcanic,2.28125
748,IDN,Retrospective,Total,256978.3125
749,IRN,Retrospective,Hydrometeorological,4354.428571
750,IRN,Retrospective,Landslides,2.875
751,IRN,Retrospective,Tectonic,13023.30357
752,IRN,Retrospective,Total,17380.60714
753,JOR,Retrospective,Hydrometeorological,2.791666667
754,JOR,Retrospective,Total,2.791666667
755,LAO,Retrospective,Hydrometeorological,6271.294118
756,LAO,Retrospective,Total,6271.294118
757,LBN,Retrospective,Hydrometeorological,19.30434783
758,LBN,Retrospective,Landslides,9.108695652
759,LBN,Retrospective,Tectonic,1.47826087
760,LBN,Retrospective,Total,29.89130435
761,MDV,Retrospective,Hydrometeorological,2.8387096769999998
762,MDV,Retrospective,Tectonic,483.8387097
763,MDV,Retrospective,Total,486.6774194
764,NPL,Retrospective,Hydrometeorological,12811.202379999999
765,NPL,Retrospective,Landslides,724.8333332999999
766,NPL,Retrospective,Tectonic,3283.7380949999997
767,NPL,Retrospective,Total,16819.77381
768,PAK,Retrospective,Hydrometeorological,620551.2206
769,PAK,Retrospective,Landslides,131.9558824
770,PAK,Retrospective,Tectonic,69587.73529
771,PAK,Retrospective,Total,690270.9118
772,PSE,Retrospective,Hydrometeorological,10.43939394
773,PSE,Retrospective,Total,10.43939394
774,LKA,Retrospective,Hydrometeorological,8486.925
775,LKA,Retrospective,Landslides,41.6375
776,LKA,Retrospective,Tectonic,6257.45
777,LKA,Retrospective,Total,14786.0125
778,SYR,Retrospective,Hydrometeorological,132.2631579
779,SYR,Retrospective,Landslides,2.131578947
780,SYR,Retrospective,Total,134.3947368
781,TLS,Retrospective,Hydrometeorological,1058.5625
782,TLS,Retrospective,Landslides,45.9375
783,TLS,Retrospective,Total,1104.5
784,VNM,Retrospective,Hydrometeorological,127625.9286
785,VNM,Retrospective,Landslides,134.1666667
786,VNM,Retrospective,Total,127760.0952
787,YEM,Retrospective,Hydrometeorological,823.4333333
788,YEM,Retrospective,Landslides,3436.566667
789,YEM,Retrospective,Total,4260.0
790,IND,Retrospective,Hydrometeorological,30.83333333
791,IND,Retrospective,Landslides,6.166666667
792,IND,Retrospective,Total,37.0
793,ALB,Retrospective,Hydrometeorological,284.9090909
794,ALB,Retrospective,Landslides,191.8409091
795,ALB,Retrospective,Tectonic,92.84090909
796,ALB,Retrospective,Total,569.5909091
797,SRB,Retrospective,Hydrometeorological,483.75
798,SRB,Retrospective,Landslides,33.0
799,SRB,Retrospective,Tectonic,499.875
800,SRB,Retrospective,Total,1016.625
801,TUR,Retrospective,Hydrometeorological,21.2375
802,TUR,Retrospective,Landslides,60.3
803,TUR,Retrospective,Tectonic,1897.775
804,TUR,Retrospective,Total,1979.3125
805,ATG,Retrospective,Hydrometeorological,2.5
806,ATG,Retrospective,Total,2.5
807,DMA,Retrospective,Hydrometeorological,11.33333333
808,DMA,Retrospective,Landslides,0.833333333
809,DMA,Retrospective,Total,12.16666667
810,DOM,Retrospective,Hydrometeorological,206.1333333
811,DOM,Retrospective,Landslides,2.95
812,DOM,Retrospective,Total,209.08333330000002
813,JAM,Retrospective,Hydrometeorological,807.9117647
814,JAM,Retrospective,Landslides,0.558823529
815,JAM,Retrospective,Tectonic,0.19117647100000001
816,JAM,Retrospective,Total,808.6617647
817,GRD,Retrospective,Hydrometeorological,129.7692308
818,GRD,Retrospective,Total,129.7692308
819,LCA,Retrospective,Hydrometeorological,112.7142857
820,LCA,Retrospective,Total,112.7142857
821,VCT,Retrospective,Hydrometeorological,106.9264706
822,VCT,Retrospective,Landslides,1.970588235
823,VCT,Retrospective,Total,108.8970588
824,TTO,Retrospective,Hydrometeorological,3.947916667
825,TTO,Retrospective,Landslides,0.45833333299999995
826,TTO,Retrospective,Tectonic,0.15625
827,TTO,Retrospective,Volcanic,0.708333333
828,TTO,Retrospective,Total,5.270833333
829,IND,Retrospective,Hydrometeorological,157623.8977
830,IND,Retrospective,Tectonic,99.21590909
831,IND,Retrospective,Total,157723.1136
832,IND,Retrospective,Hydrometeorological,33115.86765
833,IND,Retrospective,Landslides,0.382352941
834,IND,Retrospective,Tectonic,4485.235294
835,IND,Retrospective,Total,37601.48529
836,OCEANIA,Retrospective,Hydrometeorological,11416.73611
837,OCEANIA,Retrospective,Landslides,87.75
838,OCEANIA,Retrospective,Tectonic,837.7916667000001
839,OCEANIA,Retrospective,Total,12342.27778
840,ALB,Hybrid,Total,10990.0
841,ARG,Hybrid,Total,42987.0
842,BLZ,Hybrid,Total,3301.0
843,BOL,Hybrid,Total,26393.0
844,BTN,Hybrid,Total,6741.0
845,KHM,Hybrid,Total,257875.0
846,CHL,Hybrid,Total,35509.0
847,COL,Hybrid,Total,104310.0
848,COM,Hybrid,Total,867.0
849,CRI,Hybrid,Total,3821.0
850,DMA,Hybrid,Total,1182.0
851,DOM,Hybrid,Total,19272.0
852,ECU,Hybrid,Total,32038.0
853,EGY,Hybrid,Total,28694.0
854,ETH,Hybrid,Total,110393.0
855,TLS,Hybrid,Total,1948.0
856,GRD,Hybrid,Total,565.0
857,GTM,Hybrid,Total,26655.0
858,GUY,Hybrid,Total,2737.0
859,HND,Hybrid,Total,27831.0
860,IDN,Hybrid,Total,355210.0
861,IRN,Hybrid,Total,81480.0
862,JAM,Hybrid,Total,11715.0
863,KEN,Hybrid,Total,57447.0
864,LAO,Hybrid,Total,81387.0
865,LBN,Hybrid,Total,2351.0
866,LCA,Hybrid,Total,889.0
867,LKA,Hybrid,Total,17827.0
868,MDG,Hybrid,Total,192497.0
869,MDV,Hybrid,Total,15.0
870,MEX,Hybrid,Total,83569.0
871,MLI,Hybrid,Total,51041.0
872,MOZ,Hybrid,Total,120291.0
873,MUS,Hybrid,Total,3320.0
874,NER,Hybrid,Total,69552.0
875,NIC,Hybrid,Total,9677.0
876,NPL,Hybrid,Total,85835.0
877,PAK,Hybrid,Total,516705.0
878,PAN,Hybrid,Total,2400.0
879,PER,Hybrid,Total,34820.0
880,PRY,Hybrid,Total,10147.0
881,SEN,Hybrid,Total,4738.0
882,SLE,Hybrid,Total,12906.0
883,SLV,Hybrid,Total,8847.0
884,SRB,Hybrid,Total,74121.0
885,SYR,Hybrid,Total,10523.0
886,TGO,Hybrid,Total,20753.0
887,TUR,Hybrid,Total,28209.0
888,UGA,Hybrid,Total,32833.0
889,URY,Hybrid,Total,1594.0
890,VCT,Hybrid,Total,789.0
891,VEN,Hybrid,Total,27483.0
892,VNM,Hybrid,Total,738498.0
893,YEM,Hybrid,Total,16938.0
